{
  "bands": {
    "B01": {
      "mean": 1353.2598465417932,
      "std": 244.863544491395
    },
    "B02": {
      "mean": 1116.8918176156503,
      "std": 333.30363046732293
    },
    "B03": {
      "mean": 1041.8545551554362,
      "std": 395.21206976904097
    },
    "B04": {
      "mean": 946.6692481486002,
      "std": 595.1156955217837
    },
    "B05": {
      "mean": 1199.6445359406648,
      "std": 567.5693759601161
    },
    "B06": {
      "mean": 2003.1019012225115,
      "std": 860.8776945862204
    },
    "B07": {
      "mean": 2374.009696587457,
      "std": 1086.6354175221575
    },
    "B08": {
      "mean": 2301.380597082067,
      "std": 1118.0481197298975
    },
    "B09": {
      "mean": 732.4444338650173,
      "std": 403.66608702450714
    },
    "B10": {
      "mean": 12.108052289044416,
      "std": 4.772322670728949
    },
    "B11": {
      "mean": 1820.9407433855974,
      "std": 1003.1716435635632
    },
    "B12": {
      "mean": 1117.9885510819047,
      "std": 760.3894985607311
    },
    "B8A": {
      "mean": 2599.9202460507995,
      "std": 1231.5437246419067
    }
  },
  "indices": {
    "NDVI": {
      "mean": 0.3487249668130298,
      "std": 0.3298267271961949
    },
    "NDWI": {
      "mean": -0.2827168209378174,
      "std": 0.3385268030000282
    },
    "NDBI": {
      "mean": -0.176667452189264,
      "std": 0.25234748450174516
    },
    "NDMI": {
      "mean": 0.176667452189264,
      "std": 0.25234748450174516
    }
  },
  "meta": {
    "split": "train.txt",
    "n_samples": 21600,
    "n_pixels_per_channel": 88473600,
    "band_order": [
      "B01",
      "B02",
      "B03",
      "B04",
      "B05",
      "B06",
      "B07",
      "B08",
      "B09",
      "B10",
      "B11",
      "B12",
      "B8A"
    ],
    "note": "Stats CH\u1ec8 t\u00ednh tr\u00ean train split. B8A \u1edf index 12, B11 \u1edf index 10."
  }
}